,Name,Team,Position,Age,Height,Height_i,Weight,College,Salary
0,juhann begarin,Boston Celtics,SG,19,"6' 5""",6.5,185,,
1,jaylen brown,Boston Celtics,SG,24,"6' 6""",6.6,223,California,26758928.0
2,kris dunn,Boston Celtics,PG,27,"6' 3""",6.3,205,Providence,5005350.0
3,carsen edwards,Boston Celtics,PG,23,"5' 11""",5.11,200,Purdue,1782621.0
4,tacko fall,Boston Celtics,C,25,"7' 5""",7.5,311,UCF,
5,bruno fernando,Boston Celtics,F,23,"6' 9""",6.9,240,Maryland,1782621.0
6,al horford,Boston Celtics,C,35,"6' 9""",6.9,240,Florida,27000000.0
7,enes kanter,Boston Celtics,C,29,"6' 10""",6.1,250,Kentucky,1669178.0
8,luke kornet,Boston Celtics,C,26,"7' 2""",7.2,250,Vanderbilt,
9,romeo langford,Boston Celtics,SG,21,"6' 4""",6.4,216,Indiana,3804360.0
10,aaron nesmith,Boston Celtics,SF,21,"6' 5""",6.5,215,Vanderbilt,3631200.0
11,jabari parker,Boston Celtics,PF,26,"6' 8""",6.8,245,Duke,2283034.0
12,payton pritchard,Boston Celtics,PG,23,"6' 1""",6.1,195,Oregon,2137440.0
13,josh richardson,Boston Celtics,SG,27,"6' 5""",6.5,200,Tennessee,11615328.0
14,dennis schroder,Boston Celtics,PG,27,"6' 3""",6.3,172,,5890000.0
15,marcus smart,Boston Celtics,PG,27,"6' 3""",6.3,220,Oklahoma State,14339285.0
16,jayson tatum,Boston Celtics,SF,23,"6' 8""",6.8,210,Duke,28103500.0
17,grant williams,Boston Celtics,PF,22,"6' 6""",6.6,236,Tennessee,2617800.0
18,robert williams iii,Boston Celtics,C,23,"6' 8""",6.8,237,Texas A&M,3661976.0
19,lamarcus aldridge,Brooklyn Nets,F,36,"6' 11""",6.11,250,Texas,
20,deandre' bembry,Brooklyn Nets,SG,27,"6' 5""",6.5,210,Saint Joseph's,1669178.0
21,bruce brown,Brooklyn Nets,SF,25,"6' 4""",6.4,202,Miami (FL),4736102.0
22,jevon carter,Brooklyn Nets,PG,25,"6' 1""",6.1,200,West Virginia,3650000.0
23,nicolas claxton,Brooklyn Nets,PF,22,"6' 11""",6.11,215,Georgia,1782621.0
24,sekou doumbouya,Brooklyn Nets,SF,20,"6' 8""",6.8,230,,3613680.0
25,kevin durant,Brooklyn Nets,PF,32,"6' 10""",6.1,240,Texas,42018900.0
26,kessler edwards,Brooklyn Nets,SF,21,"6' 8""",6.8,215,Pepperdine,
27,raiquan gray,Brooklyn Nets,PF,22,"6' 8""",6.8,260,Florida State,
28,blake griffin,Brooklyn Nets,PF,32,"6' 9""",6.9,250,Oklahoma,1669178.0
29,james harden,Brooklyn Nets,SG,32,"6' 5""",6.5,220,Arizona State,44310840.0
30,joe harris,Brooklyn Nets,SF,30,"6' 6""",6.6,220,Virginia,17357143.0
31,kyrie irving,Brooklyn Nets,PG,29,"6' 2""",6.2,195,Duke,35328700.0
32,mike james,Brooklyn Nets,PG,31,"6' 1""",6.1,175,Eastern Arizona Coll. (J.C.),
33,alize johnson,Brooklyn Nets,PF,25,"6' 7""",6.7,212,Missouri State,1762796.0
34,james johnson,Brooklyn Nets,PF,34,"6' 7""",6.7,240,Wake Forest,1669178.0
35,tyler johnson,Brooklyn Nets,SG,29,"6' 3""",6.3,186,Fresno State,
36,timothe luwawu-cabarrot,Brooklyn Nets,SG,26,"6' 7""",6.7,220,,
37,patty mills,Brooklyn Nets,PG,33,"6' 1""",6.1,180,Saint Mary's,5890000.0
38,paul millsap,Brooklyn Nets,PF,36,"6' 7""",6.7,257,Louisiana Tech,
39,jahlil okafor,Brooklyn Nets,C,25,"6' 10""",6.1,270,Duke,2130023.0
40,reggie perry,Brooklyn Nets,PF,21,"6' 8""",6.8,250,Mississippi State,
41,day'ron sharpe,Brooklyn Nets,C,19,"6' 11""",6.11,265,North Carolina,2009040.0
42,cameron thomas,Brooklyn Nets,SG,19,"6' 4""",6.4,210,LSU,2036280.0
43,marcus zegarowski,Brooklyn Nets,PG,23,"6' 2""",6.2,181,Creighton,
44,dwayne bacon,New York Knicks,SG,26,"6' 6""",6.6,221,Florida State,1824003.0
45,rj barrett,New York Knicks,SG,21,"6' 6""",6.6,214,Duke,8623920.0
46,alec burks,New York Knicks,SG,30,"6' 6""",6.6,214,Colorado,9536000.0
47,evan fournier,New York Knicks,G,28,"6' 7""",6.7,205,,17000000.0
48,taj gibson,New York Knicks,C,36,"6' 9""",6.9,232,USC,4910000.0
49,quentin grimes,New York Knicks,SG,21,"6' 5""",6.5,205,Houston,2168760.0
50,jared harper,New York Knicks,PG,23,"5' 10""",5.1,175,Auburn,
51,kevin knox ii,New York Knicks,SF,22,"6' 7""",6.7,215,Kentucky,5845979.0
52,miles mcbride,New York Knicks,PG,20,"6' 2""",6.2,200,West Virginia,925258.0
53,nerlens noel,New York Knicks,C,27,"6' 11""",6.11,220,Kentucky,8000000.0
54,frank ntilikina,New York Knicks,PG,23,"6' 4""",6.4,200,,
55,norvel pelle,New York Knicks,PF,28,"6' 10""",6.1,231,St. John's,
56,theo pinson,New York Knicks,SG,25,"6' 5""",6.5,212,North Carolina,
57,immanuel quickley,New York Knicks,SG,22,"6' 3""",6.3,190,Kentucky,2210640.0
58,julius randle,New York Knicks,PF,26,"6' 8""",6.8,250,Kentucky,21780000.0
59,mitchell robinson,New York Knicks,C,23,"7' 0""",7.0,240,,1802057.0
60,derrick rose,New York Knicks,PG,32,"6' 2""",6.2,200,Memphis,13445120.0
61,jericho sims,New York Knicks,PF,22,"6' 10""",6.1,245,Texas,
62,obi toppin,New York Knicks,PF,23,"6' 9""",6.9,220,Dayton,5105160.0
63,luca vildoza,New York Knicks,PG,26,"6' 3""",6.3,190,,3325000.0
64,kemba walker,New York Knicks,PG,31,"6' 0""",6.0,184,Connecticut,36016200.0
65,charles bassey,Philadelphia Sixers,C,20,"6' 11""",6.11,235,Western Kentucky,
66,gary clark,Philadelphia Sixers,SF,26,"6' 6""",6.6,225,Cincinnati,
67,seth curry,Philadelphia Sixers,SG,31,"6' 2""",6.2,185,Duke,8207518.0
68,andre drummond,Philadelphia Sixers,C,28,"6' 10""",6.1,279,Connecticut,1669178.0
69,joel embiid,Philadelphia Sixers,C,27,"7' 0""",7.0,280,Kansas,31579390.0
70,danny green,Philadelphia Sixers,SF,34,"6' 6""",6.6,215,North Carolina,10000000.0
71,tobias harris,Philadelphia Sixers,PF,29,"6' 8""",6.8,226,Tennessee,35995950.0
72,aaron henry,Philadelphia Sixers,F,22,"6' 6""",6.6,210,Michigan State,
73,isaiah joe,Philadelphia Sixers,SG,22,"6' 4""",6.4,165,Arkansas,1517981.0
74,furkan korkmaz,Philadelphia Sixers,SG,24,"6' 7""",6.7,202,,4629630.0
75,tyrese maxey,Philadelphia Sixers,PG,20,"6' 2""",6.2,200,Kentucky,2602920.0
76,shake milton,Philadelphia Sixers,SG,24,"6' 5""",6.5,205,SMU,1846738.0
77,georges niang,Philadelphia Sixers,F,28,"6' 7""",6.7,230,Iowa State,3300000.0
78,filip petrusev,Philadelphia Sixers,PF,21,"6' 11""",6.11,235,Gonzaga,
79,paul reed,Philadelphia Sixers,SF,22,"6' 9""",6.9,210,DePaul,1517981.0
80,grant riller,Philadelphia Sixers,G,24,"6' 2""",6.2,190,Charleston,
81,mike scott,Philadelphia Sixers,PF,33,"6' 7""",6.7,237,Virginia,
82,ben simmons,Philadelphia Sixers,PG,25,"6' 11""",6.11,240,LSU,33003936.0
83,jaden springer,Philadelphia Sixers,PG,18,"6' 4""",6.4,204,Tennessee,2023800.0
84,matisse thybulle,Philadelphia Sixers,SG,24,"6' 5""",6.5,201,Washington,2840160.0
85,precious achiuwa,Toronto Raptors,F,21,"6' 8""",6.8,225,Memphis,2711280.0
86,og anunoby,Toronto Raptors,SF,24,"6' 7""",6.7,232,Indiana,16071429.0
87,dalano banton,Toronto Raptors,PG,21,"6' 9""",6.9,204,Nebraska,925258.0
88,scottie barnes,Toronto Raptors,SF,20,"6' 9""",6.9,227,Florida State,7280520.0
89,khem birch,Toronto Raptors,C,28,"6' 9""",6.9,233,UNLV,6350000.0
90,isaac bonga,Toronto Raptors,G,21,"6' 8""",6.8,180,,1669178.0
91,chris boucher,Toronto Raptors,PF,28,"6' 9""",6.9,200,New Mexico JC,7020000.0
92,sam dekker,Toronto Raptors,F,27,"6' 9""",6.9,219,Wisconsin,1669178.0
93,goran dragic,Toronto Raptors,PG,35,"6' 3""",6.3,190,,19440000.0
94,malachi flynn,Toronto Raptors,PG,23,"6' 1""",6.1,175,San Diego State,2048040.0
95,freddie gillespie,Toronto Raptors,SF,24,"6' 9""",6.9,245,Baylor,1517981.0
96,david johnson,Toronto Raptors,PG,20,"6' 5""",6.5,210,Louisville,
97,stanley johnson,Toronto Raptors,SF,25,"6' 6""",6.6,242,Arizona,
98,pascal siakam,Toronto Raptors,PG,27,"6' 9""",6.9,230,New Mexico State,33003936.0
99,gary trent jr.,Toronto Raptors,SG,22,"6' 5""",6.5,209,Duke,16000000.0
100,fred vanvleet,Toronto Raptors,SG,27,"6' 1""",6.1,197,Wichita State,19675926.0
101,yuta watanabe,Toronto Raptors,SF,26,"6' 9""",6.9,215,George Washington,1762796.0
102,ryan arcidiacono,Chicago Bulls,PG,27,"6' 3""",6.3,195,Villanova,3000000.0
103,lonzo ball,Chicago Bulls,PG,23,"6' 6""",6.6,190,UCLA,18604651.0
104,tony bradley,Chicago Bulls,C,23,"6' 10""",6.1,248,North Carolina,1669178.0
105,troy brown jr.,Chicago Bulls,SF,22,"6' 6""",6.6,215,Oregon,5170564.0
106,alex caruso,Chicago Bulls,SG,27,"6' 4""",6.4,186,Texas A&M,8650651.0
107,demar derozan,Chicago Bulls,SF,32,"6' 6""",6.6,220,USC,26000000.0
108,ayo dosunmu,Chicago Bulls,SG,21,"6' 5""",6.5,200,Illinois,925258.0
109,devon dotson,Chicago Bulls,PG,22,"6' 2""",6.2,185,Kansas,
110,cristiano felicio,Chicago Bulls,PF,29,"6' 11""",6.11,270,,
111,javonte green,Chicago Bulls,PG,28,"6' 4""",6.4,205,Radford,1669178.0
112,derrick jones jr.,Chicago Bulls,SF,24,"6' 5""",6.5,210,UNLV,9720900.0
113,zach lavine,Chicago Bulls,SG,26,"6' 5""",6.5,200,UCLA,19500000.0
114,adam mokoka,Chicago Bulls,SG,23,"6' 4""",6.4,190,,
115,denzel valentine,Chicago Bulls,SG,27,"6' 4""",6.4,220,Michigan State,
116,nikola vucevic,Chicago Bulls,C,30,"6' 11""",6.11,260,USC,24000000.0
117,coby white,Chicago Bulls,PG,21,"6' 5""",6.5,195,North Carolina,5837760.0
118,patrick williams,Chicago Bulls,PF,20,"6' 7""",6.7,215,Florida State,7422000.0
119,jarrett allen,Cleveland Cavaliers,C,23,"6' 11""",6.11,243,Texas,20000000.0
120,damyean dotson,Cleveland Cavaliers,SG,27,"6' 5""",6.5,210,Houston,2000000.0
121,darius garland,Cleveland Cavaliers,PG,21,"6' 1""",6.1,192,Vanderbilt,7040880.0
122,mfiondu kabengele,Cleveland Cavaliers,C,24,"6' 9""",6.9,250,Florida State,1701593.0
123,kevin love,Cleveland Cavaliers,PF,33,"6' 8""",6.8,251,UCLA,31258256.0
124,lauri markkanen,Cleveland Cavaliers,PF,24,"7' 0""",7.0,240,Arizona,15690909.0
125,evan mobley,Cleveland Cavaliers,C,20,"7' 0""",7.0,215,USC,8075160.0
126,isaac okoro,Cleveland Cavaliers,SF,20,"6' 5""",6.5,225,Auburn,6720720.0
127,cedi osman,Cleveland Cavaliers,SF,26,"6' 7""",6.7,230,,8133334.0
128,ricky rubio,Cleveland Cavaliers,G,30,"6' 3""",6.3,190,,17800000.0
129,collin sexton,Cleveland Cavaliers,PG,22,"6' 1""",6.1,190,Alabama,6439671.0
130,lamar stevens,Cleveland Cavaliers,F,24,"6' 6""",6.6,230,Penn State,1517981.0
131,brodric thomas,Cleveland Cavaliers,G,24,"6' 5""",6.5,185,Truman State,
132,dean wade,Cleveland Cavaliers,PF,24,"6' 9""",6.9,228,Kansas State,1782621.0
133,dylan windler,Cleveland Cavaliers,SG,24,"6' 6""",6.6,196,Belmont,2239200.0
134,saddiq bey,Detroit Pistons,SF,22,"6' 7""",6.7,215,Villanova,2824320.0
135,cade cunningham,Detroit Pistons,PG,19,"6' 7""",6.7,220,Oklahoma State,10050120.0
136,hamidou diallo,Detroit Pistons,SG,23,"6' 5""",6.5,202,Kentucky,5200000.0
137,luka garza,Detroit Pistons,C,22,"6' 10""",6.1,243,Iowa,
138,jerami grant,Detroit Pistons,SF,27,"6' 8""",6.8,210,Syracuse,20002500.0
139,killian hayes,Detroit Pistons,PG,20,"6' 5""",6.5,195,,5572680.0
140,frank jackson,Detroit Pistons,PG,23,"6' 3""",6.3,205,Duke,3000000.0
141,josh jackson,Detroit Pistons,SG,24,"6' 8""",6.8,207,Kansas,5005350.0
142,cory joseph,Detroit Pistons,PG,30,"6' 3""",6.3,200,Texas,12600000.0
143,balsa koprivica,Detroit Pistons,C,21,"7' 1""",7.1,240,Florida State,
144,saben lee,Detroit Pistons,PG,22,"6' 2""",6.2,183,Vanderbilt,1489065.0
145,isaiah livers,Detroit Pistons,PF,23,"6' 6""",6.6,232,Michigan,1057260.0
146,trey lyles,Detroit Pistons,PF,25,"6' 9""",6.9,234,Kentucky,2500000.0
147,rodney mcgruder,Detroit Pistons,SG,30,"6' 4""",6.4,205,Kansas State,1669178.0
148,kelly olynyk,Detroit Pistons,PF,30,"6' 11""",6.11,240,Gonzaga,12195122.0
149,chris smith,Detroit Pistons,F,21,"6' 8""",6.8,215,UCLA,
150,dennis smith jr.,Detroit Pistons,PG,23,"6' 2""",6.2,205,North Carolina State,
151,isaiah stewart,Detroit Pistons,C,20,"6' 8""",6.8,250,Washington,3277080.0
152,goga bitadze,Indiana Pacers,C,22,"6' 11""",6.11,250,,3098400.0
153,oshae brissett,Indiana Pacers,SF,23,"6' 7""",6.7,210,Syracuse,1701593.0
154,malcolm brogdon,Indiana Pacers,PG,28,"6' 5""",6.5,229,Virginia,21700000.0
155,torrey craig,Indiana Pacers,SF,30,"6' 7""",6.7,221,USC Upstate,4878049.0
156,chris duarte,Indiana Pacers,SG,24,"6' 6""",6.6,190,Oregon,3749400.0
157,justin holiday,Indiana Pacers,SF,32,"6' 6""",6.6,180,Washington,6006420.0
158,isaiah jackson,Indiana Pacers,PF,19,"6' 10""",6.1,205,Kentucky,2451240.0
159,dejon jarreau,Indiana Pacers,F,23,"6' 5""",6.5,185,Houston,
160,jeremy lamb,Indiana Pacers,SG,29,"6' 5""",6.5,180,Connecticut,10500000.0
161,caris levert,Indiana Pacers,SG,27,"6' 6""",6.6,205,Michigan,17500000.0
162,kelan martin,Indiana Pacers,SG,26,"6' 5""",6.5,230,Butler,1701593.0
163,t.j. mcconnell,Indiana Pacers,PG,29,"6' 1""",6.1,190,Arizona,7500000.0
164,domantas saboni,Indiana Pacers,PF,25,"6' 11""",6.11,240,Gonzaga,19800000.0
165,jakarr sampson,Indiana Pacers,SF,28,"6' 7""",6.7,214,St. John's,
166,cassius stanley,Indiana Pacers,SG,22,"6' 5""",6.5,190,Duke,
167,edmond sumner,Indiana Pacers,PG,25,"6' 4""",6.4,196,Xavier,2320000.0
168,myles turner,Indiana Pacers,C,25,"6' 11""",6.11,250,Texas,18000000.0
169,t.j. warren,Indiana Pacers,SF,28,"6' 8""",6.8,220,North Carolina State,12940000.0
170,grayson allen,Milwaukee Bucks,SG,25,"6' 4""",6.4,198,Duke,4054695.0
171,giannis antetokounmpo,Milwaukee Bucks,PF,26,"6' 11""",6.11,242,,39344970.0
172,thanasis antetokounmpo,Milwaukee Bucks,SF,29,"6' 6""",6.6,219,,1669178.0
173,elijah bryant,Milwaukee Bucks,SG,26,"6' 5""",6.5,210,BYU,1517981.0
174,pat connaughton,Milwaukee Bucks,SG,28,"6' 5""",6.5,209,Notre Dame,5333334.0
175,donte divincenzo,Milwaukee Bucks,SG,24,"6' 4""",6.4,203,Villanova,4675830.0
176,mamadi diakite,Milwaukee Bucks,PF,24,"6' 9""",6.9,228,Virginia,1517981.0
177,george hill,Milwaukee Bucks,G,35,"6' 4""",6.4,188,IUPUI,4000000.0
178,jrue holiday,Milwaukee Bucks,PG,31,"6' 3""",6.3,205,UCLA,32413333.0
179,rodney hood,Milwaukee Bucks,SG,28,"6' 8""",6.8,208,Duke,1669178.0
180,justin jackson,Milwaukee Bucks,SF,26,"6' 8""",6.8,220,North Carolina,
181,rodions kurucs,Milwaukee Bucks,SF,23,"6' 9""",6.9,228,,
182,brook lopez,Milwaukee Bucks,C,33,"7' 0""",7.0,282,Stanford,13302325.0
183,sandro mamukelashvili,Milwaukee Bucks,C,22,"6' 11""",6.11,240,Seton Hall,
184,khris middleton,Milwaukee Bucks,SF,30,"6' 7""",6.7,222,Texas A&M,35500000.0
185,jordan nwora,Milwaukee Bucks,SF,22,"6' 8""",6.8,225,Louisville,1517981.0
186,semi ojeleye,Milwaukee Bucks,PF,26,"6' 6""",6.6,240,SMU,1669178.0
187,bobby portis,Milwaukee Bucks,C,26,"6' 10""",6.1,250,Arkansas,
188,jeff teague,Milwaukee Bucks,PG,33,"6' 3""",6.3,195,Wake Forest,
189,axel toupane,Milwaukee Bucks,SG,29,"6' 7""",6.7,210,,
190,bogdan bogdanovic,Atlanta Hawks,SG,29,"6' 6""",6.6,220,,18000000.0
191,clint capela,Atlanta Hawks,C,27,"6' 10""",6.1,240,,18603448.0
192,john collins,Atlanta Hawks,PF,23,"6' 9""",6.9,235,Wake Forest,23000000.0
193,sharife cooper,Atlanta Hawks,PG,20,"6' 1""",6.1,180,Auburn,
194,gorgui dieng,Atlanta Hawks,C,31,"6' 10""",6.1,252,Louisville,4000000.0
195,danilo gallinari,Atlanta Hawks,PF,33,"6' 10""",6.1,233,,20475000.0
196,brandon goodwin,Atlanta Hawks,PG,25,"6' 0""",6.0,180,Florida Gulf Coast,
197,solomon hill,Atlanta Hawks,SF,30,"6' 6""",6.6,226,Arizona,1669178.0
198,kevin huerter,Atlanta Hawks,SG,23,"6' 7""",6.7,190,Maryland,4253357.0
199,de'andre hunter,Atlanta Hawks,SF,23,"6' 8""",6.8,225,Virginia,7775400.0
200,jalen johnson,Atlanta Hawks,SF,19,"6' 9""",6.9,220,Duke,2659580.0
201,skylar mays,Atlanta Hawks,SG,24,"6' 4""",6.4,205,LSU,
202,onyeka okongwu,Atlanta Hawks,PF,20,"6' 8""",6.8,235,USC,6104280.0
203,cam reddish,Atlanta Hawks,SF,22,"6' 8""",6.8,218,Duke,4670160.0
204,lou williams,Atlanta Hawks,SG,34,"6' 1""",6.1,175,,5000000.0
205,delon wright,Atlanta Hawks,SG,29,"6' 5""",6.5,185,Utah,8526316.0
206,trae young,Atlanta Hawks,PG,22,"6' 1""",6.1,180,Oklahoma,8326471.0
207,lamelo ball,Charlotte Hornets,PG,20,"6' 6""",6.6,180,,8231760.0
208,bismack biyombo,Charlotte Hornets,C,29,"6' 8""",6.8,255,,
209,james bouknight,Charlotte Hornets,SG,20,"6' 5""",6.5,190,Connecticut,4154400.0
210,miles bridges,Charlotte Hornets,SF,23,"6' 6""",6.6,225,Michigan State,5421493.0
211,vernon carey jr.,Charlotte Hornets,C,20,"6' 9""",6.9,270,Duke,1517981.0
212,nate darling,Charlotte Hornets,SG,23,"6' 6""",6.6,200,Delaware,
213,gordon hayward,Charlotte Hornets,SF,31,"6' 7""",6.7,225,Butler,29925000.0
214,wes iwundu,Charlotte Hornets,SF,26,"6' 6""",6.6,195,Kansas State,1824003.0
215,kai jones,Charlotte Hornets,PF,20,"6' 11""",6.11,218,Texas,2770560.0
216,scottie lewis,Charlotte Hornets,SG,21,"6' 5""",6.5,189,Florida,
217,caleb martin,Charlotte Hornets,SF,25,"6' 5""",6.5,205,Nevada,
218,cody martin,Charlotte Hornets,SF,25,"6' 5""",6.5,205,Nevada,1782621.0
219,jalen mcdaniels,Charlotte Hornets,PF,23,"6' 9""",6.9,205,San Diego State,1782621.0
220,kelly oubre jr.,Charlotte Hornets,SG,25,"6' 7""",6.7,203,Kansas,12000000.0
221,mason plumlee,Charlotte Hornets,C,31,"6' 11""",6.11,254,Duke,9248333.0
222,nick richards,Charlotte Hornets,C,23,"7' 0""",7.0,245,Kentucky,1517981.0
223,terry rozier,Charlotte Hornets,SG,27,"6' 1""",6.1,190,Louisville,17905263.0
224,ish smith,Charlotte Hornets,PG,33,"6' 0""",6.0,175,Wake Forest,4500000.0
225,jt thor,Charlotte Hornets,PF,19,"6' 10""",6.1,205,Auburn,1250000.0
226,brad wanamaker,Charlotte Hornets,PG,32,"6' 3""",6.3,210,Pittsburgh,
227,p.j. washington,Charlotte Hornets,PF,23,"6' 7""",6.7,230,Kentucky,4215120.0
228,bam adebayo,Miami Heat,C,24,"6' 9""",6.9,255,Kentucky,28103500.0
229,jimmy butler,Miami Heat,SF,31,"6' 7""",6.7,230,Marquette,36016200.0
230,dewayne dedmon,Miami Heat,C,32,"7' 0""",7.0,245,USC,1669178.0
231,marcus garrett,Miami Heat,G,22,"6' 5""",6.5,195,Kansas,
232,udonis haslem,Miami Heat,PF,41,"6' 8""",6.8,235,Florida,1669178.0
233,tyler herro,Miami Heat,PG,21,"6' 5""",6.5,195,Kentucky,4004280.0
234,kyle lowry,Miami Heat,PG,35,"6' 0""",6.0,196,Villanova,26894128.0
235,markieff morris,Miami Heat,PF,32,"6' 9""",6.9,245,Kansas,1669178.0
236,rj nembhard,Miami Heat,SG,22,"6' 5""",6.5,200,TCU,
237,kz okpala,Miami Heat,SF,22,"6' 8""",6.8,215,Stanford,1782621.0
238,victor oladipo,Miami Heat,SG,29,"6' 4""",6.4,213,Indiana,1669178.0
239,duncan robinson,Miami Heat,SG,27,"6' 7""",6.7,215,Michigan,15650000.0
240,d.j. stewart jr.,Miami Heat,G,22,"6' 6""",6.6,205,Mississippi State,
241,max strus,Miami Heat,SG,25,"6' 5""",6.5,215,DePaul,1669178.0
242,p.j. tucker,Miami Heat,PF,36,"6' 5""",6.5,245,Texas,7000000.0
243,gabe vincent,Miami Heat,PG,25,"6' 3""",6.3,200,UC Santa Barbara,1669178.0
244,omer yurtseven,Miami Heat,C,23,"7' 0""",7.0,275,Georgetown,1489065.0
245,cole anthony,Orlando Magic,PG,21,"6' 2""",6.2,185,North Carolina,3449400.0
246,mo bamba,Orlando Magic,C,23,"7' 0""",7.0,231,Texas,7568743.0
247,ignas brazdeikis,Orlando Magic,SF,22,"6' 6""",6.6,221,Michigan,
248,wendell carter jr.,Orlando Magic,C,22,"6' 10""",6.1,270,Duke,6920027.0
249,michael carter-williams,Orlando Magic,PG,29,"6' 5""",6.5,190,Syracuse,3300000.0
250,jeff dowtin,Orlando Magic,G,24,"6' 3""",6.3,185,Rhode Island,
251,james ennis iii,Orlando Magic,SF,31,"6' 6""",6.6,215,Long Beach State,
252,markelle fultz,Orlando Magic,PG,23,"6' 3""",6.3,209,Washington,16500000.0
253,hassani gravett,Orlando Magic,G,25,"6' 2""",6.2,188,South Carolina,
254,r.j. hampton,Orlando Magic,PG,20,"6' 4""",6.4,175,,2303040.0
255,gary harris,Orlando Magic,SG,26,"6' 4""",6.4,210,Michigan State,20482143.0
256,jonathan isaac,Orlando Magic,PF,23,"6' 11""",6.11,230,Florida State,17400000.0
257,robin lopez,Orlando Magic,C,33,"7' 0""",7.0,281,Stanford,5000000.0
258,chuma okeke,Orlando Magic,PF,23,"6' 6""",6.6,229,Auburn,3277080.0
259,chasson randle,Orlando Magic,PG,28,"6' 2""",6.2,185,Stanford,
260,terrence ross,Orlando Magic,SG,30,"6' 6""",6.6,206,Washington,12500000.0
261,jalen suggs,Orlando Magic,SG,20,"6' 4""",6.4,205,Gonzaga,6593040.0
262,jon teske,Orlando Magic,C,24,"7' 1""",7.1,265,Michigan,
263,sindarius thornwell,Orlando Magic,SG,26,"6' 4""",6.4,215,South Carolina,
264,franz wagner,Orlando Magic,SF,20,"6' 9""",6.9,220,Michigan,5007840.0
265,moritz wagner,Orlando Magic,C,24,"6' 11""",6.11,245,Michigan,1669178.0
266,deni avdija,Washington Wizards,SF,20,"6' 9""",6.9,210,,4692840.0
267,bradley beal,Washington Wizards,SG,28,"6' 3""",6.3,207,Florida,33724200.0
268,davis bertans,Washington Wizards,SF,28,"6' 10""",6.1,225,,16000000.0
269,thomas bryant,Washington Wizards,C,24,"6' 10""",6.1,248,Indiana,8666667.0
270,kentavious caldwell-pope,Washington Wizards,SG,28,"6' 5""",6.5,204,Georgia,13038862.0
271,spencer dinwiddie,Washington Wizards,PG,28,"6' 5""",6.5,215,Colorado,17142857.0
272,daniel gafford,Washington Wizards,C,22,"6' 10""",6.1,234,Arkansas,1782621.0
273,anthony gill,Washington Wizards,PF,28,"6' 7""",6.7,230,Virginia,1517981.0
274,rui hachimura,Washington Wizards,PF,23,"6' 8""",6.8,230,Gonzaga,4916160.0
275,montrezl harrell,Washington Wizards,C,27,"6' 7""",6.7,240,Louisville,9720900.0
276,aaron holiday,Washington Wizards,PG,24,"6' 0""",6.0,185,UCLA,3980551.0
277,caleb homesley,Washington Wizards,SG,24,"6' 6""",6.6,205,Liberty,1517981.0
278,corey kispert,Washington Wizards,SF,22,"6' 7""",6.7,220,Gonzaga,3383640.0
279,kyle kuzma,Washington Wizards,SF,26,"6' 10""",6.1,221,Utah,13000000.0
280,garrison mathews,Washington Wizards,SG,24,"6' 5""",6.5,215,David Lipscomb University,
281,raul neto,Washington Wizards,PG,29,"6' 1""",6.1,180,,1669178.0
282,isaiah todd,Washington Wizards,PF,19,"6' 10""",6.1,210,,1500000.0
283,cassius winston,Washington Wizards,PG,23,"6' 1""",6.1,185,Michigan State,
284,jordan bell,Golden State Warriors,F,26,"6' 8""",6.8,216,Oregon,
285,nemanja bjelica,Golden State Warriors,PF,33,"6' 10""",6.1,234,,1669178.0
286,chris chiozza,Golden State Warriors,F,25,"5' 11""",5.11,175,Florida,
287,stephen curry,Golden State Warriors,PG,33,"6' 3""",6.3,185,Davidson,45780966.0
288,draymond green,Golden State Warriors,PF,31,"6' 6""",6.6,230,Michigan State,24026712.0
289,andre iguodala,Golden State Warriors,F,37,"6' 6""",6.6,215,Arizona,1669178.0
290,jonathan kuminga,Golden State Warriors,PF,18,"6' 7""",6.7,225,,5466360.0
291,damion lee,Golden State Warriors,SG,28,"6' 5""",6.5,210,Drexel,1910860.0
292,kevon looney,Golden State Warriors,C,25,"6' 9""",6.9,222,UCLA,5178572.0
293,nico mannion,Golden State Warriors,PG,20,"6' 2""",6.2,190,Arizona,
294,moses moody,Golden State Warriors,SG,19,"6' 5""",6.5,211,Arkansas,3562200.0
295,mychal mulder,Golden State Warriors,SG,27,"6' 3""",6.3,184,Kentucky,1782621.0
296,gary payton ii,Golden State Warriors,PG,28,"6' 3""",6.3,195,Salt Lake CC UT,1977011.0
297,jordan poole,Golden State Warriors,SG,22,"6' 4""",6.4,194,Michigan,2161440.0
298,otto porter jr.,Golden State Warriors,SF,28,"6' 8""",6.8,198,Georgetown,1669178.0
299,klay thompson,Golden State Warriors,SG,31,"6' 6""",6.6,215,Washington State,37980720.0
300,juan toscano-anderson,Golden State Warriors,SF,28,"6' 6""",6.6,209,Marquette,1701593.0
301,andrew wiggins,Golden State Warriors,SF,26,"6' 7""",6.7,197,Kansas,31579390.0
302,james wiseman,Golden State Warriors,C,20,"7' 0""",7.0,240,Memphis,9166800.0
303,nicolas batum,Los Angeles Clippers,PF,32,"6' 8""",6.8,230,,3170029.0
304,eric bledsoe,Los Angeles Clippers,SG,31,"6' 1""",6.1,214,Kentucky,18125000.0
305,amir coffey,Los Angeles Clippers,SG,24,"6' 7""",6.7,210,Minnesota,
306,demarcus cousins,Los Angeles Clippers,C,31,"6' 10""",6.1,270,Kentucky,
307,yogi ferrell,Los Angeles Clippers,PG,28,"6' 0""",6.0,178,Indiana,1782621.0
308,paul george,Los Angeles Clippers,SG,31,"6' 8""",6.8,220,Fresno State,39344900.0
309,serge ibaka,Los Angeles Clippers,C,31,"6' 10""",6.1,235,,9720900.0
310,reggie jackson,Los Angeles Clippers,PG,31,"6' 2""",6.2,208,Boston College,10384500.0
311,keon johnson,Los Angeles Clippers,SG,19,"6' 5""",6.5,186,Tennessee,2553120.0
312,luke kennard,Los Angeles Clippers,SG,25,"6' 5""",6.5,206,Duke,13347727.0
313,kawhi leonard,Los Angeles Clippers,SF,30,"6' 7""",6.7,225,San Diego State,36016200.0
314,terance mann,Los Angeles Clippers,SG,24,"6' 5""",6.5,215,Florida State,1782621.0
315,marcus morris sr.,Los Angeles Clippers,SF,32,"6' 8""",6.8,218,Kansas,15627907.0
316,patrick patterson,Los Angeles Clippers,PF,32,"6' 8""",6.8,235,Kentucky,
317,jason preston,Los Angeles Clippers,PG,22,"6' 4""",6.4,187,Ohio,1062303.0
318,jay scrubb,Los Angeles Clippers,SG,21,"6' 5""",6.5,220,John A. Logan College,
319,justise winslow,Los Angeles Clippers,PF,25,"6' 6""",6.6,222,Duke,3902439.0
320,ivica zubac,Los Angeles Clippers,C,24,"7' 0""",7.0,240,,7518518.0
321,kostas antetokounmpo,Los Angeles Lakers,PF,23,"6' 10""",6.1,200,Dayton,
322,carmelo anthony,Los Angeles Lakers,PF,37,"6' 7""",6.7,238,Syracuse,1669178.0
323,trevor ariza,Los Angeles Lakers,SF,36,"6' 8""",6.8,215,UCLA,1669178.0
324,kent bazemore,Los Angeles Lakers,SF,32,"6' 4""",6.4,195,Old Dominion,1669178.0
325,devontae cacok,Los Angeles Lakers,PF,24,"6' 7""",6.7,240,North Carolina-Wilmington,
326,anthony davis,Los Angeles Lakers,PF,28,"6' 10""",6.1,253,Kentucky,35361360.0
327,wayne ellington,Los Angeles Lakers,SG,33,"6' 4""",6.4,207,North Carolina,1669178.0
328,marc gasol,Los Angeles Lakers,C,36,"6' 11""",6.11,255,,2692991.0
329,talen horton-tucker,Los Angeles Lakers,SG,20,"6' 4""",6.4,234,Iowa State,9500000.0
330,dwight howard,Los Angeles Lakers,C,35,"6' 10""",6.1,265,,1669178.0
331,lebron james,Los Angeles Lakers,SF,36,"6' 9""",6.9,250,,41180544.0
332,wesley matthews,Los Angeles Lakers,SG,34,"6' 4""",6.4,220,Marquette,
333,malik monk,Los Angeles Lakers,SG,23,"6' 3""",6.3,200,Kentucky,1669178.0
334,kendrick nunn,Los Angeles Lakers,G,26,"6' 2""",6.2,190,Illinois,5000000.0
335,rajon rondo,Los Angeles Lakers,PG,35,"6' 1""",6.1,180,Kentucky,1669178.0
336,russell westbrook,Los Angeles Lakers,PG,32,"6' 3""",6.3,200,UCLA,44211146.0
337,deandre ayton,Phoenix Suns,C,23,"6' 11""",6.11,250,Arizona,12632950.0
338,devin booker,Phoenix Suns,SG,24,"6' 5""",6.5,206,Kentucky,31650600.0
339,mikal bridges,Phoenix Suns,SF,25,"6' 6""",6.6,209,Villanova,5557725.0
340,jae crowder,Phoenix Suns,PF,31,"6' 6""",6.6,235,Marquette,9720900.0
341,langston galloway,Phoenix Suns,SG,29,"6' 1""",6.1,200,Saint Joseph's,
342,chandler hutchison,Phoenix Suns,SF,25,"6' 6""",6.6,210,Boise State,4019459.0
343,cameron johnson,Phoenix Suns,SF,25,"6' 8""",6.8,210,North Carolina,4437000.0
344,frank kaminsky,Phoenix Suns,PF,28,"7' 0""",7.0,240,Wisconsin,1669178.0
345,javale mcgee,Phoenix Suns,C,33,"7' 0""",7.0,270,Nevada,5000000.0
346,e'twaun moore,Phoenix Suns,SG,32,"6' 3""",6.3,191,Purdue,
347,abdel nader,Phoenix Suns,SF,27,"6' 5""",6.5,225,Iowa State,2000000.0
348,chris paul,Phoenix Suns,PG,36,"6' 0""",6.0,175,Wake Forest,30000000.0
349,cameron payne,Phoenix Suns,PG,27,"6' 1""",6.1,183,Murray State,6500000.0
350,elfrid payton,Phoenix Suns,PG,27,"6' 3""",6.3,195,Louisiana-Lafayette,1669178.0
351,dario saric,Phoenix Suns,PF,27,"6' 10""",6.1,225,,8510000.0
352,landry shamet,Phoenix Suns,SG,24,"6' 4""",6.4,190,Wichita State,3768342.0
353,jalen smith,Phoenix Suns,PF,21,"6' 10""",6.1,215,Maryland,4458000.0
354,marvin bagley iii,Sacremento Kings,PF,22,"6' 11""",6.11,235,Duke,11312114.0
355,harrison barnes,Sacremento Kings,SF,29,"6' 8""",6.8,225,North Carolina,20284091.0
356,terence davis,Sacremento Kings,SG,24,"6' 4""",6.4,201,Ole Miss,4000000.0
357,de'aaron fox,Sacremento Kings,PG,23,"6' 3""",6.3,185,Kentucky,28103550.0
358,tyrese haliburton,Sacremento Kings,PG,21,"6' 5""",6.5,185,Iowa State,4023600.0
359,maurice harkless,Sacremento Kings,SF,28,"6' 7""",6.7,220,St. John's,4347600.0
360,buddy hield,Sacremento Kings,SG,28,"6' 4""",6.4,220,Oklahoma,22768890.0
361,richaun holmes,Sacremento Kings,C,27,"6' 10""",6.1,235,Bowling Green,10384500.0
362,justin james,Sacremento Kings,SG,24,"6' 7""",6.7,190,Wyoming,1782621.0
363,damian jones,Sacremento Kings,C,26,"6' 11""",6.11,245,Vanderbilt,1977011.0
364,louis king,Sacremento Kings,PF,22,"6' 7""",6.7,205,Oregon,
365,alex len,Sacremento Kings,C,28,"7' 0""",7.0,250,Maryland,3732000.0
366,chimezie metu,Sacremento Kings,PF,24,"6' 9""",6.9,225,USC,1762796.0
367,davion mitchell,Sacremento Kings,PG,23,"6' 2""",6.2,205,Baylor,4603320.0
368,neemias queta,Sacremento Kings,C,22,"7' 0""",7.0,245,Utah State,
369,jahmi'us ramsey,Sacremento Kings,SG,20,"6' 3""",6.3,190,Texas Tech,1517981.0
370,tristan thompson,Sacremento Kings,C,30,"6' 9""",6.9,254,Texas,9720900.0
371,robert woodard ii,Sacremento Kings,SF,21,"6' 6""",6.6,235,Mississippi State,1517981.0
372,moses brown,Dallas Mavericks,C,21,"7' 2""",7.2,245,UCLA,1701593.0
373,sterling brown,Dallas Mavericks,SF,26,"6' 5""",6.5,219,SMU,3000000.0
374,jalen brunson,Dallas Mavericks,PG,25,"6' 1""",6.1,190,Villanova,1802057.0
375,reggie bullock,Dallas Mavericks,SF,30,"6' 6""",6.6,205,North Carolina,9536000.0
376,trey burke,Dallas Mavericks,PG,28,"6' 0""",6.0,185,Michigan,3150000.0
377,willie cauley-stein,Dallas Mavericks,C,28,"7' 0""",7.0,240,Kentucky,4100000.0
378,luka doncic,Dallas Mavericks,PG,22,"6' 7""",6.7,230,,10174391.0
379,dorian finney-smith,Dallas Mavericks,PF,28,"6' 7""",6.7,220,Florida,4000000.0
380,josh green,Dallas Mavericks,SG,20,"6' 5""",6.5,200,Arizona,2957520.0
381,tim hardaway jr.,Dallas Mavericks,SF,29,"6' 5""",6.5,205,Michigan,21308816.0
382,maxi kleber,Dallas Mavericks,PF,29,"6' 10""",6.1,240,,8975000.0
383,boban marjanovic,Dallas Mavericks,C,33,"7' 4""",7.4,290,,3500000.0
384,jaquori mclaughlin,Dallas Mavericks,G,23,"6' 4""",6.4,190,UC Santa Barbara,
385,eugene omoruyi,Dallas Mavericks,F,24,"6' 6""",6.6,235,Oregon,
386,kristaps porzingis,Dallas Mavericks,C,26,"7' 3""",7.3,240,,31650600.0
387,dwight powell,Dallas Mavericks,C,30,"6' 10""",6.1,240,Stanford,11080125.0
388,jj redick,Dallas Mavericks,SG,37,"6' 3""",6.3,200,Duke,
389,tyrell terry,Dallas Mavericks,PG,20,"6' 2""",6.2,160,Stanford,1517981.0
390,d.j. augustin,Houston Rockets,PG,33,"5' 11""",5.11,183,Texas,7000000.0
391,avery bradley,Houston Rockets,PG,30,"6' 3""",6.3,180,Texas,
392,armoni brooks,Houston Rockets,SG,23,"6' 3""",6.3,195,Houston,
393,josh christopher,Houston Rockets,SG,19,"6' 5""",6.5,215,Arizona State,2259240.0
394,dante exum,Houston Rockets,PG,26,"6' 5""",6.5,214,,
395,usman garuba,Houston Rockets,PF,19,"6' 8""",6.8,230,,2353320.0
396,eric gordon,Houston Rockets,SG,32,"6' 3""",6.3,215,Indiana,18218818.0
397,jalen green,Houston Rockets,SG,19,"6' 6""",6.6,178,,8992200.0
398,danuel house jr.,Houston Rockets,SF,28,"6' 6""",6.6,220,Texas A&M,3894000.0
399,matthew hurt,Houston Rockets,F,21,"6' 9""",6.9,235,Duke,
400,anthony lamb,Houston Rockets,SF,23,"6' 6""",6.6,227,Vermont,
401,kenyon martin jr.,Houston Rockets,SF,20,"6' 6""",6.6,215,,1517981.0
402,david nwaba,Houston Rockets,SF,28,"6' 5""",6.5,219,Cal Poly,4650000.0
403,kevin porter jr.,Houston Rockets,SG,21,"6' 4""",6.4,203,USC,1782621.0
404,alperen sengun,Houston Rockets,C,19,"6' 9""",6.9,235,,3214680.0
405,jae'sean tate,Houston Rockets,SF,25,"6' 4""",6.4,230,Ohio State,1517981.0
406,daniel theis,Houston Rockets,C,29,"6' 8""",6.8,245,,8280351.0
407,khyri thomas,Houston Rockets,SG,25,"6' 3""",6.3,210,Creighton,1762796.0
408,john wall,Houston Rockets,PG,31,"6' 3""",6.3,210,Kentucky,44310840.0
409,d.j. wilson,Houston Rockets,PF,25,"6' 10""",6.1,231,Michigan,
410,christian wood,Houston Rockets,C,25,"6' 10""",6.1,214,UNLV,13666667.0
411,steven adams,Memphis Grizzlies,C,28,"6' 11""",6.11,265,Pittsburgh,17073171.0
412,santi aldama,Memphis Grizzlies,PF,20,"6' 11""",6.11,215,Loyola (MD),1994520.0
413,kyle anderson,Memphis Grizzlies,SF,27,"6' 9""",6.9,230,UCLA,9937150.0
414,desmond bane,Memphis Grizzlies,SG,23,"6' 5""",6.5,215,TCU,2033160.0
415,dillon brooks,Memphis Grizzlies,SF,25,"6' 7""",6.7,225,Oregon,12200000.0
416,brandon clarke,Memphis Grizzlies,PF,24,"6' 8""",6.8,215,Gonzaga,2726880.0
417,jarrett culver,Memphis Grizzlies,G,22,"6' 6""",6.6,195,Texas Tech,6395160.0
418,tim frazier,Memphis Grizzlies,PG,30,"6' 0""",6.0,170,Penn State,
419,juancho hernangomez,Memphis Grizzlies,F,25,"6' 9""",6.9,214,,6907815.0
420,jaren jackson jr.,Memphis Grizzlies,PF,21,"6' 11""",6.11,242,Michigan State,9180560.0
421,tyus jones,Memphis Grizzlies,PG,25,"6' 0""",6.0,196,Duke,8376286.0
422,john konchar,Memphis Grizzlies,SG,25,"6' 5""",6.5,210,,2200000.0
423,sean mcdermott,Memphis Grizzlies,SG,24,"6' 6""",6.6,195,Butler,
424,de'anthony melton,Memphis Grizzlies,SG,23,"6' 2""",6.2,200,USC,8805976.0
425,sam merrill,Memphis Grizzlies,SG,25,"6' 4""",6.4,205,Utah State,1517981.0
426,ja morant,Memphis Grizzlies,PG,22,"6' 3""",6.3,174,Murray State,9603360.0
427,daniel oturu,Memphis Grizzlies,C,21,"6' 8""",6.8,240,Minnesota,1517981.0
428,yves pons,Memphis Grizzlies,G,22,"6' 6""",6.6,215,Tennessee,
429,jontay porter,Memphis Grizzlies,PF,21,"6' 11""",6.11,240,Missouri,1950000.0
430,killian tillie,Memphis Grizzlies,C,23,"6' 9""",6.9,220,Gonzaga,
431,xavier tillman,Memphis Grizzlies,C,22,"6' 8""",6.8,245,Michigan State,1517981.0
432,ziaire williams,Memphis Grizzlies,SG,19,"6' 8""",6.8,185,Stanford,4373040.0
433,nickeil alexander-walker,New Orleans Pelicans,SG,23,"6' 6""",6.6,205,Virginia Tech,3261480.0
434,wenyen gabriel,New Orleans Pelicans,PF,24,"6' 9""",6.9,205,Kentucky,1762796.0
435,devonte' graham,New Orleans Pelicans,G,26,"6' 1""",6.1,195,Kansas,11000000.0
436,josh hart,New Orleans Pelicans,SG,26,"6' 5""",6.5,215,Villanova,12000000.0
437,jaxson hayes,New Orleans Pelicans,C,21,"6' 11""",6.11,220,Texas,5348280.0
438,willy hernangomez,New Orleans Pelicans,C,27,"6' 11""",6.11,250,,2327220.0
439,brandon ingram,New Orleans Pelicans,SF,24,"6' 8""",6.8,190,Duke,29467800.0
440,herbert jones,New Orleans Pelicans,SF,22,"6' 8""",6.8,210,Alabama,1700000.0
441,kira lewis jr.,New Orleans Pelicans,PG,20,"6' 1""",6.1,170,Alabama,3822240.0
442,didi louzada,New Orleans Pelicans,SF,22,"6' 5""",6.5,185,,1786878.0
443,naji marshall,New Orleans Pelicans,SF,23,"6' 7""",6.7,220,Xavier,1517981.0
444,trey murphy iii,New Orleans Pelicans,SG,21,"6' 9""",6.9,206,Virginia,3053760.0
445,james nunnally,New Orleans Pelicans,SF,31,"6' 7""",6.7,205,UC Santa Barbara,
446,tomas satoransky,New Orleans Pelicans,SG,29,"6' 7""",6.7,210,,10000000.0
447,garrett temple,New Orleans Pelicans,SF,35,"6' 5""",6.5,195,LSU,4910000.0
448,jonas valanciunas,New Orleans Pelicans,C,29,"6' 11""",6.11,265,,14000000.0
449,zion williamson,New Orleans Pelicans,PF,21,"6' 7""",6.7,284,Duke,10733400.0
450,al-farouq aminu,San Antonio Spurs,PF,30,"6' 8""",6.8,220,Wake Forest,10183800.0
451,keita bates-diop,San Antonio Spurs,SF,25,"6' 8""",6.8,229,Ohio State,
452,zach collins,San Antonio Spurs,PF,23,"6' 11""",6.11,250,Gonzaga,7000000.0
453,drew eubanks,San Antonio Spurs,PF,24,"6' 9""",6.9,245,Oregon State,1762796.0
454,bryn forbes,San Antonio Spurs,SG,28,"6' 2""",6.2,205,Cleveland State,4500000.0
455,daquan jeffries,San Antonio Spurs,SG,24,"6' 5""",6.5,225,Western Texas Coll. (J.C.),1701593.0
456,keldon johnson,San Antonio Spurs,SF,21,"6' 5""",6.5,220,Kentucky,2145720.0
457,tre jones,San Antonio Spurs,PG,21,"6' 1""",6.1,185,Duke,1517981.0
458,jock landale,San Antonio Spurs,C,25,"6' 11""",6.11,255,Saint Mary's,925258.0
459,doug mcdermott,San Antonio Spurs,SF,29,"6' 7""",6.7,225,Creighton,13750000.0
460,dejounte murray,San Antonio Spurs,PG,24,"6' 4""",6.4,180,Washington,15428880.0
461,jakob poeltl,San Antonio Spurs,C,25,"7' 1""",7.1,245,Utah,8750000.0
462,joshua primo,San Antonio Spurs,SG,18,"6' 6""",6.6,190,Alabama,3946800.0
463,luka samanic,San Antonio Spurs,PF,21,"6' 10""",6.1,227,,2959080.0
464,devin vassell,San Antonio Spurs,SG,21,"6' 5""",6.5,200,Florida State,4235160.0
465,lonnie walker iv,San Antonio Spurs,SG,22,"6' 4""",6.4,204,Miami (FL),4447896.0
466,derrick white,San Antonio Spurs,PG,27,"6' 4""",6.4,190,Colorado,15178571.0
467,joe wieskamp,San Antonio Spurs,SF,22,"6' 6""",6.6,210,Iowa,
468,thaddeus young,San Antonio Spurs,PF,33,"6' 8""",6.8,235,Georgia Tech,14190000.0
469,will barton,Denver Nuggets,SF,30,"6' 6""",6.6,181,Memphis,15625000.0
470,bol bol,Denver Nuggets,C,21,"7' 2""",7.2,220,Oregon,2161152.0
471,facundo campazzo,Denver Nuggets,PG,30,"5' 10""",5.1,195,,3200000.0
472,vlatko cancar,Denver Nuggets,SF,24,"6' 8""",6.8,236,,1782621.0
473,pj dozier,Denver Nuggets,SG,24,"6' 6""",6.6,205,South Carolina,1910860.0
474,aaron gordon,Denver Nuggets,PF,25,"6' 8""",6.8,235,Arizona,16409091.0
475,jamychal green,Denver Nuggets,PF,31,"6' 8""",6.8,227,Alabama,8200000.0
476,jeff green,Denver Nuggets,PF,35,"6' 8""",6.8,235,Georgetown,4500000.0
477,shaquille harrison,Denver Nuggets,SG,27,"6' 7""",6.7,190,Tulsa,
478,markus howard,Denver Nuggets,PG,22,"5' 10""",5.1,175,Marquette,
479,nah'shon hyland,Denver Nuggets,PG,20,"6' 3""",6.3,165,Virginia Commonwealth,2096880.0
480,nikola jokic,Denver Nuggets,C,26,"6' 11""",6.11,284,,31579390.0
481,monte morris,Denver Nuggets,PG,26,"6' 2""",6.2,183,Iowa State,8449074.0
482,jamal murray,Denver Nuggets,PG,24,"6' 3""",6.3,215,Kentucky,29467800.0
483,zeke nnaji,Denver Nuggets,PF,20,"6' 9""",6.9,240,Arizona,2498760.0
484,michael porter jr.,Denver Nuggets,SF,23,"6' 10""",6.1,218,Missouri,5258735.0
485,austin rivers,Denver Nuggets,SG,29,"6' 4""",6.4,200,Duke,1669178.0
486,malik beasley,Minnesota Timberwolves,SG,24,"6' 4""",6.4,187,Florida State,14491964.0
487,patrick beverley,Minnesota Timberwolves,PG,33,"6' 1""",6.1,180,Arkansas,14320988.0
488,ed davis,Minnesota Timberwolves,C,32,"6' 9""",6.9,218,North Carolina,
489,anthony edwards,Minnesota Timberwolves,SF,20,"6' 4""",6.4,225,Georgia,10245480.0
490,nathan knight,Minnesota Timberwolves,F,23,"6' 10""",6.1,253,William & Mary,
491,jake layman,Minnesota Timberwolves,SF,27,"6' 8""",6.8,209,Maryland,3940185.0
492,jaden mcdaniels,Minnesota Timberwolves,PF,20,"6' 9""",6.9,185,Washington,2063280.0
493,jordan mclaughlin,Minnesota Timberwolves,PG,25,"5' 11""",5.11,185,USC,
494,jaylen nowell,Minnesota Timberwolves,SG,22,"6' 4""",6.4,201,Washington,1782621.0
495,josh okogie,Minnesota Timberwolves,SF,23,"6' 4""",6.4,213,Georgia Tech,4087904.0
496,taurean prince,Minnesota Timberwolves,PF,27,"6' 7""",6.7,218,Baylor,13000000.0
497,naz reid,Minnesota Timberwolves,C,22,"6' 9""",6.9,264,LSU,1782621.0
498,d'angelo russell,Minnesota Timberwolves,PG,25,"6' 4""",6.4,193,Ohio State,30013500.0
499,karl-anthony towns,Minnesota Timberwolves,C,25,"6' 11""",6.11,248,Kentucky,31650600.0
500,jarred vanderbilt,Minnesota Timberwolves,PF,22,"6' 9""",6.9,214,Kentucky,
501,darius bazley,Oklahoma City Thunder,PF,21,"6' 8""",6.8,208,,2513040.0
502,charlie brown jr.,Oklahoma City Thunder,F,24,"6' 6""",6.6,199,Saint Joseph's,1701593.0
503,charlie brown jr.,Oklahoma City Thunder,SF,24,"6' 6""",6.6,199,Saint Joseph's,
504,gabriel deck,Oklahoma City Thunder,SF,26,"6' 6""",6.6,231,,3676852.0
505,luguentz dort,Oklahoma City Thunder,SF,22,"6' 3""",6.3,215,Arizona State,1782621.0
506,derrick favors,Oklahoma City Thunder,C,30,"6' 9""",6.9,265,Georgia Tech,9720900.0
507,josh giddey,Oklahoma City Thunder,SG,18,"6' 8""",6.8,205,,5988000.0
508,shai gilgeous-alexander,Oklahoma City Thunder,SG,23,"6' 6""",6.6,180,Kentucky,5495532.0
509,josh hall,Oklahoma City Thunder,SF,20,"6' 9""",6.9,190,Moravian,
510,jaylen hoard,Oklahoma City Thunder,SF,22,"6' 8""",6.8,216,Wake Forest,
511,ty jerome,Oklahoma City Thunder,SG,24,"6' 5""",6.5,195,Virginia,2412840.0
512,vit krejci,Oklahoma City Thunder,F,21,"6' 8""",6.8,195,,
513,theo maledon,Oklahoma City Thunder,PG,20,"6' 4""",6.4,175,,2000000.0
514,tre mann,Oklahoma City Thunder,PG,20,"6' 3""",6.3,178,Florida,2901240.0
515,mike muscala,Oklahoma City Thunder,C,30,"6' 10""",6.1,240,Bucknell,3365385.0
516,svi mykhailiuk,Oklahoma City Thunder,SG,24,"6' 7""",6.7,205,Kansas,
517,aleksej pokusevski,Oklahoma City Thunder,PF,19,"7' 0""",7.0,190,,3113160.0
518,jeremiah robinson-earl,Oklahoma City Thunder,PF,20,"6' 8""",6.8,242,Villanova,2000000.0
519,isaiah roby,Oklahoma City Thunder,C,23,"6' 8""",6.8,230,Nebraska,1782621.0
520,aaron wiggins,Oklahoma City Thunder,SG,22,"6' 5""",6.5,190,Maryland,
521,kenrich williams,Oklahoma City Thunder,SF,26,"6' 6""",6.6,210,TCU,2000000.0
522,keljin blevins,Portland Trail Blazers,SF,25,"6' 4""",6.4,200,Montana State,
523,greg brown,Portland Trail Blazers,PF,20,"6' 9""",6.9,205,Texas,925258.0
524,robert covington,Portland Trail Blazers,PF,30,"6' 7""",6.7,209,Tennessee State,12975471.0
525,cj elleby,Portland Trail Blazers,SG,21,"6' 6""",6.6,200,Washington State,1517981.0
526,harry giles iii,Portland Trail Blazers,PF,23,"6' 11""",6.11,240,Duke,
527,rondae hollis-jefferson,Portland Trail Blazers,SF,26,"6' 6""",6.6,217,Arizona,
528,t.j. leaf,Portland Trail Blazers,PF,24,"6' 10""",6.1,222,UCLA,
529,damian lillard,Portland Trail Blazers,PG,31,"6' 2""",6.2,195,Weber State,39344900.0
530,nassir little,Portland Trail Blazers,SF,21,"6' 5""",6.5,220,North Carolina,2316240.0
531,cj mccollum,Portland Trail Blazers,SG,29,"6' 3""",6.3,190,Lehigh,30864198.0
532,ben mclemore,Portland Trail Blazers,SG,28,"6' 3""",6.3,195,Kansas,1669178.0
533,larry nance jr.,Portland Trail Blazers,PF,28,"6' 7""",6.7,245,Wyoming,10690909.0
534,jusuf nurkic,Portland Trail Blazers,C,27,"6' 11""",6.11,290,,12000000.0
535,norman powell,Portland Trail Blazers,SF,28,"6' 3""",6.3,215,UCLA,15517241.0
536,anfernee simons,Portland Trail Blazers,SG,22,"6' 3""",6.3,181,,3938818.0
537,tony snell,Portland Trail Blazers,SF,29,"6' 6""",6.6,213,New Mexico,1669178.0
538,trendon watford,Portland Trail Blazers,F,20,"6' 9""",6.9,240,LSU,
539,cody zeller,Portland Trail Blazers,C,28,"6' 11""",6.11,240,Indiana,1669178.0
540,udoka azubuike,Utah Jazz,C,21,"6' 10""",6.1,280,Kansas,2075880.0
541,bojan bogdanovic,Utah Jazz,SF,32,"6' 7""",6.7,226,,18700000.0
542,jarrell brantley,Utah Jazz,PF,25,"6' 5""",6.5,250,Charleston,1669178.0
543,jared butler,Utah Jazz,SG,21,"6' 3""",6.3,195,Baylor,925258.0
544,jordan clarkson,Utah Jazz,PG,29,"6' 4""",6.4,194,Missouri,12420000.0
545,mike conley,Utah Jazz,PG,33,"6' 1""",6.1,175,Ohio State,21000000.0
546,trent forrest,Utah Jazz,SG,23,"6' 4""",6.4,210,Florida State,
547,rudy gay,Utah Jazz,SF,35,"6' 8""",6.8,250,Connecticut,5890000.0
548,rudy gobert,Utah Jazz,C,29,"7' 1""",7.1,258,,35344828.0
549,elijah hughes,Utah Jazz,SF,23,"6' 5""",6.5,215,Syracuse,1517981.0
550,ersan ilyasova,Utah Jazz,PF,34,"6' 9""",6.9,235,,
551,joe ingles,Utah Jazz,SG,33,"6' 8""",6.8,220,,13036364.0
552,donovan mitchell,Utah Jazz,SG,25,"6' 1""",6.1,215,Louisville,28103500.0
553,juwan morgan,Utah Jazz,SF,24,"6' 7""",6.7,232,Indiana,
554,royce o'neale,Utah Jazz,PF,28,"6' 4""",6.4,226,Baylor,8800000.0
555,olumiye oni,Utah Jazz,SG,24,"6' 5""",6.5,206,Yale,1782621.0
556,eric paschall,Utah Jazz,F,24,"6' 6""",6.6,255,Villanova,1782621.0
557,hassan whiteside,Utah Jazz,C,32,"7' 0""",7.0,265,Marshall,1669178.0
